# Redirect default Netlify subdomain to primary domain
https://nexus-mcp-hub.pages.dev/* https://docs.nexusmcphub.com/:splat 301!

# Redirect old paths to new paths
/docs/overview /architecture/system-overview 301
/docs/servers /mcp-servers/server-types 301
/docs/agents /agents/agent-types 301
/docs/api /api/reference 301
/docs/security /security/best-practices 301

# Handle 404 errors
/* /404.html 404
